Título,Nota,N_Avaliações,Desconto,Marca,Material,Gênero,Temporada,Qtd_Vendidos,Preço,Nota_MinMax,N_Avaliações_MinMax,Desconto_MinMax,Preço_MinMax,Marca_Cod,Material_Cod,Temporada_Cod,Qtd_Vendidos_Cod,Marca_Freq,Material_Freq
Kit 10 Cuecas Boxer Lupo Cueca Box Algodão Masculina Atacado,4.5,3034.0,18.0,lupo,algodão,Masculino,outono/inverno,+10mil,232.89,0.8148148148148148,0.3341780520052886,0.2131147540983606,0.3785853142798676,463,25,3,10000.0,0.0422919508867667,0.176443838108231
Kit Com 10 Cuecas Boxer Algodão Sem Costura Zorba 781,4.7,5682.0,20.0,zorba,algodão,Masculino,não definido,+50mil,199.9,0.888888888888889,0.625936535918907,0.2459016393442623,0.3223287063879131,838,25,1,50000.0,0.0090950432014552,0.176443838108231
Kit 10 Cuecas Boxer Mash Algodão Cotton Box Original Oferta,4.6,1700.0,22.0,mash,algodão,Masculino,primavera/verão,+10mil,229.39,0.8518518518518517,0.1871970030850595,0.2786885245901639,0.3726168957402544,494,25,7,10000.0,0.0109140518417462,0.176443838108231
Kit 3 Short Jeans Feminino Cintura Alta Barato Atacado,4.4,507.0,9.0,menina linda,jean,Feminino,primavera/verão,+1000,129.2,0.777777777777778,0.0557514323490524,0.0655737704918032,0.2017666518877255,509,74,7,1000.0,0.0100045475216007,0.0254661209640745
Blusa + Calça Térmica Treino Futebol Criança Infantil Fleece,4.7,58.0,5.0,roupa zero grau,termico unissex,Sem gênero infantil,outono/inverno,+100,78.03,0.888888888888889,0.006280299691494,0.0,0.1145083728385798,669,166,3,100.0,0.0022737608003638,0.0009095043201455
Kit 4 Cuecas Boxer Lupo Em Algodão Masculina Cotton Original,4.6,2382.0,22.0,lupo,algodão,Masculino,primavera/verão,+10mil,89.9,0.8518518518518517,0.2623402379903041,0.2786885245901639,0.1347498380000682,463,25,7,10000.0,0.0422919508867667,0.176443838108231
Kit 2 Cuecas Boxer Lupo Basic Microfibra Sem Costura Box,4.8,1429.0,30.0,lupo,microfibra,Masculino,primavera/verão,+10mil,69.99,0.925925925925926,0.1573380343763772,0.4098360655737705,0.1007980628218682,463,101,7,10000.0,0.0422919508867667,0.0300136425648021
Pacote 4 Cuecas Boxer Algodão Box Masculina Cotton Zorba,4.6,2290.0,25.0,zorba,algodão,Masculino,primavera-verão outono-inverno,+10mil,105.99,0.8518518518518517,0.25220361392684,0.3278688524590164,0.1621875106578902,838,25,6,10000.0,0.0090950432014552,0.176443838108231
Faixa Peitoral Para Ginecomastia Reduz Volume Do Peito Homem,4.4,78.0,18.0,men'spa,"82% poliéster, 18% elastodieno",Masculino,não definido,+1000,119.31,0.777777777777778,0.008483913618334,0.2131147540983606,0.1849016063572184,507,10,1,1000.0,0.001819008640291,0.001819008640291
"Kit Com 4 Short Para Usar Embaixo Da Roupa, Vestido, Saia",4.2,88.0,11.0,silvest lingerie,poliéster,Feminino,primavera/verão,+1000,57.93,0.7037037037037038,0.009585720581754,0.0983606557377049,0.0802325977968009,719,122,7,1000.0,0.0022737608003638,0.1173260572987721
Macacão Roupa De Apicultor Completa Proteção Contra Abelhas,4.3,178.0,24.0,celi,brim 100% algodão,Sem gênero,não definido,+1000,203.88,0.7407407407407406,0.0195019832525341,0.3114754098360656,0.3291156508986733,177,46,1,1000.0,0.0077307867212369,0.0090950432014552
Macacão Apicultor Roupa Proteção Abelha Com Máscara + Brinde,4.1,331.0,10.0,celi,algodão,Sem gênero,não definido,+1000,166.21,0.6666666666666666,0.0363596297928602,0.0819672131147541,0.2648784147880358,177,25,1,1000.0,0.0077307867212369,0.176443838108231
Kit Com 10 Cuecas Slip Algodão Zorba,4.5,426.0,25.0,zorba,algodão,Masculino,primavera/verão,+1000,159.9,0.8148148148148148,0.0468267959453503,0.3278688524590164,0.2541182087923331,838,25,7,1000.0,0.0090950432014552,0.176443838108231
Kit 4 Cuecas Boxer Infantil Kids Menino Box Sem Costura Lupo,4.9,145.0,31.0,lupo,poliamida,Meninos,primavera/verão,+1000,109.9,0.9629629629629632,0.0158660202732481,0.4262295081967213,0.1688550867978582,463,116,7,1000.0,0.0422919508867667,0.0195543428831286
Kit 2 Cuecas Boxer Lupo Basic Microfibra Sem Costura Box,4.8,1429.0,30.0,lupo,microfibra,Masculino,primavera/verão,+10mil,69.99,0.925925925925926,0.1573380343763772,0.4098360655737705,0.1007980628218682,463,101,7,10000.0,0.0422919508867667,0.0300136425648021
Conjunto 2 Calça Masculina Jogger Swang Roupas Academia Slim,4.8,19.0,10.0,kick,algodão75% poliester25%,Masculino,outono/inverno,+100,129.1,0.925925925925926,0.001983252534156,0.0819672131147541,0.2015961256437365,407,38,3,100.0,0.0004547521600727,0.0004547521600727
Kit 3 Cuecas Slip Tamanho Especial Plus Size Algodão Mash,4.8,218.0,20.0,mash,algodão,Masculino,não definido,+1000,74.9,0.925925925925926,0.0239092111062141,0.2459016393442623,0.1091709014017257,494,25,1,1000.0,0.0109140518417462,0.176443838108231
Calça Jeans Preta Feminina Super Lycra  Skinny Cintura Alta,4.4,1533.0,13.0,stillger jeans,sarja,Feminino,outono/inverno,+10mil,61.93,0.777777777777778,0.1687968267959453,0.1311475409836065,0.0870536475563589,738,138,3,10000.0,0.0154615734424738,0.0154615734424738
Kit 6 Cuecas Algodão Mash - Promoção Box Masculina Adulto,4.6,422.0,10.0,mash,algodão,Masculino,primavera-verão outono-inverno,+1000,129.99,0.8518518518518517,0.0463860731599823,0.0819672131147541,0.2031138092152382,494,25,6,1000.0,0.0109140518417462,0.176443838108231
Calça Masculina Esportiva Slim Jogger Zíper Na Barra,4.2,58.0,10.0,tactel slim calça ziper,poliéster,Masculino,outono/inverno,+100,59.91,0.7037037037037038,0.006280299691494,0.0819672131147541,0.0836090174277821,748,122,3,100.0,0.001819008640291,0.1173260572987721
Calça Montaria Gorgurao Legging Feminina Leg Canelada Bolso,4.5,1019.0,6.0,remanescente,poliéster,Feminino,não definido,+10mil,47.02,0.8148148148148148,0.1121639488761569,0.0163934426229508,0.0616281845776065,651,122,1,10000.0,0.0013642564802182,0.1173260572987721
Kit 6 Cuecas Boxer Lupo Algodão Masculina Box Adulto Cotton,4.6,1676.0,16.0,lupo,algodão cotton,Masculino,primavera-verão outono-inverno,+10mil,152.91,0.8518518518518517,0.1845526663728514,0.180327868852459,0.2421984243375055,463,30,6,10000.0,0.0422919508867667,0.003638017280582
Kit 3 Short Jeans Feminino Cintura Alta Barato Atacado,4.4,507.0,9.0,menina linda,jean,Feminino,primavera/verão,+1000,129.2,0.777777777777778,0.0557514323490524,0.0655737704918032,0.2017666518877255,509,74,7,1000.0,0.0100045475216007,0.0254661209640745
Kit 3 Calça Jeans Feminina Levanta Bumbum Cintura Alta,4.3,312.0,5.0,stillger,algodão,Feminino,outono/inverno,+1000,174.24,0.7407407407407406,0.0342661965623622,0.0,0.2785716721803485,736,25,3,1000.0,0.0327421555252387,0.176443838108231
Kit 2 Calças Jeans Masculina Com Lycra.,4.6,2146.0,5.0,almix,jean,Masculino,primavera/verão,+10mil,134.3,0.8518518518518517,0.2363375936535919,0.0,0.210463490331162,26,74,7,10000.0,0.0054570259208731,0.0254661209640745
Kit 5 Cuecas Zorba Tradicional Slip Ligth Algodão Original,4.7,23.0,28.0,zorba,algodão,Masculino,primavera/verão,+100,109.9,0.888888888888889,0.002423975319524,0.3770491803278688,0.1688550867978582,838,25,7,100.0,0.0090950432014552,0.176443838108231
10 Shorts Ginástica Moda Fitness Roupas Femininas Atacado,4.7,16.0,13.0,própria,suplex poliéster,Feminino,primavera/verão,+100,219.31,0.888888888888889,0.00165271044513,0.1311475409836065,0.3554278503461682,633,154,7,100.0,0.0100045475216007,0.0031832651205093
Jaqueta Jeans Feminina Preta Com Lycra Roupas Atacado,4.3,249.0,10.0,stillger jeans,algodão,Feminino,outono/inverno,+1000,64.49,0.7407407407407406,0.0273248126928162,0.0819672131147541,0.091419119402476,738,25,3,1000.0,0.0154615734424738,0.176443838108231
Kit Com 10 Cuecas Boxer Algodão Cotton Masculina Adulto Mash,4.8,327.0,15.0,mash,algodão,Masculino,primavera-verão outono-inverno,+1000,209.41,0.925925925925926,0.0359189070074922,0.1639344262295082,0.3385457521912622,494,25,6,1000.0,0.0109140518417462,0.176443838108231
Conjunto Blusa Térmico Roupa De Frio Masculino Segunda Pele,4.5,44.0,5.0,elry,poliéster,Masculino,outono/inverno,+100,109.4,0.8148148148148148,0.004737769942706,0.0,0.1680024555779134,262,122,3,100.0,0.0009095043201455,0.1173260572987721
Kit 5 Camisetas Masculinas Slim Fit  Básicas Algodão Premium,4.5,9077.0,51.0,zaroc,algodão,Masculino,não definido,+50mil,239.11,0.8148148148148148,1.0,0.7540983606557378,0.3891920466559804,831,25,1,50000.0,0.0009095043201455,0.176443838108231
Kit Pintores Macacão De Proteção Luva Óculos Respirador Epi,4.0,45.0,7.0,teknoluvas,poliéster,Masculino,não definido,+100,73.8,0.6296296296296297,0.004847950639048,0.0327868852459016,0.1072951127178472,750,122,1,100.0,0.0004547521600727,0.1173260572987721
Kit 3 Cuecas Boxer Lupo Tamanho Plus Size Masculina Original,4.4,127.0,29.0,lupo,algodão,Masculino,outono/inverno,+1000,99.99,0.777777777777778,0.0138827677390921,0.3934426229508196,0.1519559360185532,463,25,3,1000.0,0.0422919508867667,0.176443838108231
Macacão Segurança Proteção Química Laboratório Pintura Longo,4.2,30.0,10.0,steelflex epi tipo 6 roupa descartável,capuz laminado masculino feminino,Sem gênero,não definido,+1000,25.63,0.7037037037037038,0.003195240193918,0.0819672131147541,0.0251526209883701,733,54,1,1000.0,0.0004547521600727,0.0004547521600727
Calça Feminina Pantalona Cintura Alta Cós Largo Duna Moda,4.4,14.0,18.0,própria,duna,Feminino,outono/inverno,+100,72.36,0.777777777777778,0.001432349052446,0.2131147540983606,0.1048395348044064,633,60,3,100.0,0.0100045475216007,0.001819008640291
Kit 15 Cueca Boxer Tamanho Especial Plus Size Microfibra,3.8,30.0,31.0,mallbeck combo roupa íntima masculina,microfibra,Masculino,não definido,+100,149.43,0.5555555555555555,0.003195240193918,0.4262295081967213,0.2362641110466901,475,101,1,100.0,0.0004547521600727,0.0300136425648021
Kit 2 Calça Jeans Masculina Jogger Camuflada Sarja Elástico,4.3,215.0,10.0,gbgsports,sarja,Masculino,outono/inverno,+1000,134.32,0.7407407407407406,0.0235786690171881,0.0819672131147541,0.2104975955799597,324,138,3,1000.0,0.0059117780809458,0.0154615734424738
Kit 4 Cuecas Boxer Lupo Em Algodão Masculina Cotton Original,4.6,2382.0,22.0,lupo,algodão,Masculino,primavera/verão,+10mil,89.9,0.8518518518518517,0.2623402379903041,0.2786885245901639,0.1347498380000682,463,25,7,10000.0,0.0422919508867667,0.176443838108231
10 Shorts Ginástica Moda Fitness Roupas Femininas Atacado,4.7,16.0,13.0,própria,suplex poliéster,Feminino,primavera/verão,+100,219.31,0.888888888888889,0.00165271044513,0.1311475409836065,0.3554278503461682,633,154,7,100.0,0.0100045475216007,0.0031832651205093
Calça Leg Lisa Cós Alto Suplex,4.6,262.0,5.0,valen modas,tecido suplex,Feminino,não definido,+1000,30.4,0.8518518518518517,0.0287571617452622,0.0,0.033286722826643,795,162,1,1000.0,0.0004547521600727,0.0009095043201455
Kit 4 Cuecas Boxer Puma Masculina Box Sem Costura Original,4.8,301.0,19.0,puma,poliamida,Masculino,outono/inverno,+1000,160.89,0.925925925925926,0.0330542089026002,0.2295081967213114,0.2558064186078237,636,116,3,1000.0,0.001819008640291,0.0195543428831286
Kit 10 Calcinhas Conforto Tanga Promoção Moda Íntima.,4.1,35.0,20.0,mallbeck-calcinha confortavel - calcinha tanga-,microfibra,Feminino,não definido,+100,44.9,0.6666666666666666,0.003746143675628,0.2459016393442623,0.0580130282050407,476,101,1,100.0,0.0013642564802182,0.0300136425648021
Calça Legging Feminina Preta Grossa Dia A Dia Valor De Ataca,4.4,2363.0,6.0,moda llevo,tecido suplex,Feminino,não definido,+50mil,35.83,0.777777777777778,0.2602468047598061,0.0163934426229508,0.042546297875243,528,162,1,50000.0,0.0009095043201455,0.0009095043201455
Kit 2 Calça Legging Flanelada Forrada Peluciada Inverno,4.0,258.0,10.0,genérica,poliéster,Feminino,não definido,+1000,46.29,0.6296296296296297,0.0283164389598942,0.0819672131147541,0.0603833429964871,327,122,1,1000.0,0.0095497953615279,0.1173260572987721
Kit 4 Cuecas Boxer Lupo Em Algodão Masculina Cotton Original,4.6,2382.0,22.0,lupo,algodão,Masculino,primavera/verão,+10mil,89.9,0.8518518518518517,0.2623402379903041,0.2786885245901639,0.1347498380000682,463,25,7,10000.0,0.0422919508867667,0.176443838108231
Calça Masculina Térmica Roupa De Frio Segunda Pele Legging.,4.5,204.0,29.0,importchin,poliéster,Masculino,outono/inverno,+1000,56.09,0.8148148148148148,0.0223666813574261,0.3934426229508196,0.0770949149074042,368,122,3,1000.0,0.0013642564802182,0.1173260572987721
Short Jeans Feminino Cintura Alta Com Lycra Barra Desfiada,4.4,237.0,6.0,stillger,algodão,Feminino,primavera/verão,+1000,44.29,0.777777777777778,0.0260026443367122,0.0163934426229508,0.0569728181167081,736,25,7,1000.0,0.0327421555252387,0.176443838108231
Kit 3 Cuecas Lupo Slip Masculina Algodão Promoção Original,4.6,257.0,24.0,lupo,algodão,Masculino,outono/inverno,+1000,78.89,0.8518518518518517,0.0282062582635522,0.3114754098360656,0.1159748985368848,463,25,3,1000.0,0.0422919508867667,0.176443838108231
Shorts Masculino Design 4 Move adidas,4.7,19.0,30.0,adidas,poliéster,Masculino,primavera/verão,+100,199.99,0.888888888888889,0.001983252534156,0.4098360655737705,0.3224821800075031,13,122,7,100.0,0.0109140518417462,0.1173260572987721
Kit 2 Cuecas Boxer Lupo Microfibra Box Sem Costura Original,4.8,742.0,19.0,lupo,poliamida,Masculino,primavera/verão,+10mil,61.99,0.925925925925926,0.0816438959894226,0.2295081967213114,0.0871559633027523,463,116,7,10000.0,0.0422919508867667,0.0195543428831286
Roupa Naruto Akatsuki Cosplay Itachi Postagem 24h Promoção,4.7,139.0,21.0,genérica,poliéster,Sem gênero,outono/inverno,+1000,75.03,0.888888888888889,0.0152049360951961,0.2622950819672131,0.1093925855189113,327,122,3,1000.0,0.0095497953615279,0.1173260572987721
3 Conjuntos Fitness Feminino Top + Short Roupas Academia A11,4.4,286.0,19.0,akorio,poliéster,Feminino,primavera/verão,+1000,129.21,0.777777777777778,0.0314014984574702,0.2295081967213114,0.2017837045121244,21,122,7,1000.0,0.0045475216007276,0.1173260572987721
Kit 9 Cuecas Lupo Slip Masculino Algodão Atacado Original,4.4,165.0,26.0,lupo,algodão,Masculino,outono/inverno,+1000,229.89,0.777777777777778,0.0180696342000881,0.3442622950819672,0.3734695269601991,463,25,3,1000.0,0.0422919508867667,0.176443838108231
Short Jeans Feminino Com Cinto Fivela Country Cintura Alta,4.2,5.0,10.0,maria do carmo denim,jeans,Feminino,primavera/verão,+50,80.36,0.7037037037037038,0.000440722785368,0.0819672131147541,0.1184816343235224,488,75,7,50.0,0.003638017280582,0.0300136425648021
Kit 3 Calça Jeans Feminina Levanta Bumbum Atacado,3.9,41.0,10.0,stillger,jeans,Feminino,outono/inverno,+100,175.59,0.5925925925925927,0.00440722785368,0.0819672131147541,0.2808737764741993,736,75,3,100.0,0.0327421555252387,0.0300136425648021
Calça Masculina Esportiva Slim Jogger Zíper Na Barra,4.6,7.0,10.0,tactel slim calça ziper,poliéster,Masculino,outono/inverno,+50,59.91,0.8518518518518517,0.000661084178052,0.0819672131147541,0.0836090174277821,748,122,3,50.0,0.001819008640291,0.1173260572987721
Kit 5 Shorts Calção Futebol Academia Treino Crossfit Corrida,4.4,60.0,19.0,mr fit,poliéster,Masculino,não definido,+100,166.89,0.777777777777778,0.006500661084178,0.2295081967213114,0.2660379932471607,539,122,1,100.0,0.0004547521600727,0.1173260572987721
Bermuda Esportiva Compressão Anti Assadura Térmica Lupo,4.9,181.0,25.0,lupo,microfibra,Masculino,primavera/verão,+1000,99.9,0.9629629629629632,0.0198325253415601,0.3278688524590164,0.1518024623989632,463,101,7,1000.0,0.0422919508867667,0.0300136425648021
Calça Plus Size Jeans Feminina Wide Leg Levanta Bumbum,4.7,27.0,6.0,stillger jeans,algodão,Feminino,outono/inverno,+100,68.76,0.888888888888889,0.002864698104892,0.0163934426229508,0.0987005900208042,738,25,3,100.0,0.0154615734424738,0.176443838108231
2 Shorts Iguais Casal Praia 5 Estampas Roupa Combinando,5.0,6.0,8.0,maya,tactel,Sem gênero,primavera/verão,+50,139.79,1.0,0.00055090348171,0.0491803278688524,0.2198253811261553,500,155,7,50.0,0.0009095043201455,0.0045475216007276
Short Saia Rodado Fitness Feminino Roupas Para Academia,4.6,20.0,21.0,própria,poliéster,Feminino,primavera/verão,+100,38.73,0.8518518518518517,0.002093433230498,0.2622950819672131,0.0474915589509225,633,122,7,100.0,0.0100045475216007,0.1173260572987721
4 Short Bermuda Masculina Esporte Dry Fit Academia Plus,5.0,6.0,10.0,daze modas,poliéster,Masculino,primavera/verão,+5,149.91,1.0,0.00055090348171,0.0819672131147541,0.237082637017837,216,122,7,5.0,0.0040927694406548,0.1173260572987721
Short Saia Jeans Plus Size Feminino Cintura Alta Com Lycra,4.9,77.0,11.0,stillger jeans,algodão,Feminino,primavera/verão,+100,72.88,0.9629629629629632,0.008373732921992,0.0983606557377049,0.1057262712731489,738,25,7,100.0,0.0154615734424738,0.176443838108231
Bermuda Slim Curves Leve Compressão Dilady 105203,4.9,7.0,38.0,dilady,poliamida,Feminino,não definido,+100,68.71,0.9629629629629632,0.000661084178052,0.5409836065573771,0.0986153268988097,231,116,1,100.0,0.0013642564802182,0.0195543428831286
Kit 3 Bermuda Short Masculino Dry Fit Treino Plus Size,4.5,27.0,10.0,daze modas,poliéster,Masculino,primavera/verão,+100,129.91,0.8148148148148148,0.002864698104892,0.0819672131147541,0.202977388220047,216,122,7,100.0,0.0040927694406548,0.1173260572987721
Calça Branca Jeans Feminina Skinny Cintura Alta Com Lycra,4.6,308.0,13.0,stillger jeans,algodão,Feminino,outono/inverno,+1000,64.54,0.8518518518518517,0.0338254737769942,0.1311475409836065,0.0915043825244705,738,25,3,1000.0,0.0154615734424738,0.176443838108231
Calça Branca Plus Size Enfermagem Com Lycra Feminina Sarja,4.1,16.0,13.0,stillger,algodão,Feminino,outono/inverno,+100,78.64,0.6666666666666666,0.00165271044513,0.1311475409836065,0.1155485829269124,736,25,3,100.0,0.0327421555252387,0.176443838108231
Kit 4 Bermuda Masculina Sport Dry Fit  Academia Plus,4.6,11.0,10.0,daze modas,poliéster,Masculino,primavera/verão,+25,159.91,0.8518518518518517,0.00110180696342,0.0819672131147541,0.254135261416732,216,122,7,25.0,0.0040927694406548,0.1173260572987721
"Kit Com 4 Short Para Usar Embaixo Da Roupa, Vestido, Saia",4.2,88.0,11.0,silvest lingerie,poliéster,Feminino,primavera/verão,+1000,57.93,0.7037037037037038,0.009585720581754,0.0983606557377049,0.0802325977968009,719,122,7,1000.0,0.0022737608003638,0.1173260572987721
Kit 10 Cuecas Lupo Boxer Masculinas Atacado Box 523 Algodão,4.2,619.0,5.0,lupo,algodão 95%,Masculino,2021,+1000,179.9,0.7037037037037038,0.0680916703393565,0.0,0.2882234575901231,463,27,0,1000.0,0.0422919508867667,0.003638017280582
Macacão Roupa De Apicultor Completa Proteção Contra Abelhas,4.3,178.0,24.0,celi,brim 100% algodão,Sem gênero,não definido,+1000,203.88,0.7407407407407406,0.0195019832525341,0.3114754098360656,0.3291156508986733,177,46,1,1000.0,0.0077307867212369,0.0090950432014552
Kit Com 6 Conjuntos Roupas Juvenil Roupa Infantil Menina Top,4.4,20.0,16.0,"analê, hello moda",algodão,Meninas,primavera/verão,+100,197.21,0.777777777777778,0.002093433230498,0.180327868852459,0.3177415504246103,43,25,7,100.0,0.0004547521600727,0.176443838108231
Calça Jeans Feminina Super Lipo Sawary Roupas Femininas,4.6,227.0,6.0,sawary,jean,Feminino,outono/inverno,+1000,169.86,0.8518518518518517,0.0249008373732922,0.0163934426229508,0.2711026226936325,692,74,3,1000.0,0.0068212824010914,0.0254661209640745
Kit 3 Conjunto Short + Top Nadador Roupas Femininas Academia,4.1,16.0,21.0,akorio,poliéster,Feminino,primavera/verão,+100,129.91,0.6666666666666666,0.00165271044513,0.2622950819672131,0.202977388220047,21,122,7,100.0,0.0045475216007276,0.1173260572987721
Kit 2 Conjuntos Calça Legging E Top Roupas Feminina Academia,4.3,211.0,26.0,não definido,suplex,Feminino,não definido,+1000,99.92,0.7407407407407406,0.0231379462318201,0.3442622950819672,0.151836567647761,575,151,1,1000.0,0.0104592996816734,0.0104592996816734
Short Jeans Feminino Cintura Alta Levanta Bumbum Com Lycra,4.3,77.0,8.0,stillger,algodão,Sem gênero,primavera/verão,+100,49.99,0.7407407407407406,0.008373732921992,0.0491803278688524,0.0666928140240783,736,25,7,100.0,0.0327421555252387,0.176443838108231
Calça Feminina Lycra Cintura Alta Empina Bumbum,4.6,105.0,10.0,thamuz,sarja,Feminino,primavera/verão,+1000,74.49,0.8518518518518517,0.011458792419568,0.0819672131147541,0.108471743801371,760,138,7,1000.0,0.0009095043201455,0.0154615734424738
Kit 3 Bermuda Masculina Jeans Plus Size Lycra Elastano,4.9,19.0,30.0,galanteador,algodão,Masculino,primavera/verão,+100,283.73,0.9629629629629632,0.001983252534156,0.4098360655737705,0.4652808567238498,320,25,7,100.0,0.0027285129604365,0.176443838108231
5 Shorts Canelado Feminino Shortinho Soltinho Verão Atacado,4.2,23.0,10.0,gata rebelde,canelado,Feminino,primavera/verão,+100,77.17,0.7037037037037038,0.002423975319524,0.0819672131147541,0.1130418471402749,322,53,7,100.0,0.0068212824010914,0.0013642564802182
Kit 10 Cuecas Lupo Boxer Masculinas Atacado Box 523 Algodão,4.2,619.0,5.0,lupo,algodão 95%,Masculino,2021,+1000,179.9,0.7037037037037038,0.0680916703393565,0.0,0.2882234575901231,463,27,0,1000.0,0.0422919508867667,0.003638017280582
Macacão Roupa De Apicultor Completa Proteção Contra Abelhas,4.3,178.0,24.0,celi,brim 100% algodão,Sem gênero,não definido,+1000,203.88,0.7407407407407406,0.0195019832525341,0.3114754098360656,0.3291156508986733,177,46,1,1000.0,0.0077307867212369,0.0090950432014552
Kit 10 Cuecas Boxer Mash Algodão Cotton Box Original Oferta,4.6,1700.0,22.0,mash,algodão,Masculino,primavera/verão,+10mil,229.39,0.8518518518518517,0.1871970030850595,0.2786885245901639,0.3726168957402544,494,25,7,10000.0,0.0109140518417462,0.176443838108231
"Bermuda Térmica Masculina Esportiva Corrida, Academia Treino",4.8,1003.0,26.0,keeper,microfibra,Masculino,primavera/verão,+10mil,49.89,0.925925925925926,0.1104010577346849,0.3442622950819672,0.0665222877800893,406,101,7,10000.0,0.0086402910413824,0.0300136425648021
Calça Levi's 501 Original Masculina 100% Algodão Importada,4.4,28.0,5.0,levi's,algodão,Masculino,primavera/verão,+100,315.1,0.777777777777778,0.002974878801234,0.0,0.5187749394631835,436,25,7,100.0,0.0090950432014552,0.176443838108231
Kit 4 Bermuda Dry Fit Masculina Poliéster Plus Size,4.8,14.0,10.0,daze modas,poliéster,Masculino,primavera/verão,+100,159.91,0.925925925925926,0.001432349052446,0.0819672131147541,0.254135261416732,216,122,7,100.0,0.0040927694406548,0.1173260572987721
Conjunto Térmico Infantil Criança Forro Fleece Segunda Pele,4.9,23.0,5.0,roupa zero grau,poliéster,Sem gênero infantil,outono/inverno,+100,78.03,0.9629629629629632,0.002423975319524,0.0,0.1145083728385798,669,122,3,100.0,0.0022737608003638,0.1173260572987721
Short Essential 9 Masculino Olympikus Novo,4.3,16.0,22.0,olympikus,poliéster,Masculino,primavera/verão,+50,119.47,0.7407407407407406,0.00165271044513,0.2786885245901639,0.1851744483476007,579,122,7,50.0,0.0022737608003638,0.1173260572987721
Bermuda Jeans Stretch Lycra Masculina Plus Size 58 Ao 62,4.5,10.0,7.0,exposição paulista,algodão,Masculino,primavera/verão,+100,78.46,0.8148148148148148,0.000991626267078,0.0327868852459016,0.1152416356877323,280,25,7,100.0,0.0013642564802182,0.176443838108231
Faixa Peitoral Ginecomastia Pós Cirurgico Masculino Conforto,4.3,8.0,18.0,men'spa,"82% poliéster, 18% elastodieno",Masculino,não definido,+50,119.31,0.7407407407407406,0.000771264874394,0.2131147540983606,0.1849016063572184,507,10,1,50.0,0.001819008640291,0.001819008640291
Macacão Apicultor Roupa Proteção Abelha Com Máscara + Brinde,4.1,331.0,10.0,celi,algodão,Sem gênero,não definido,+1000,166.21,0.6666666666666666,0.0363596297928602,0.0819672131147541,0.2648784147880358,177,25,1,1000.0,0.0077307867212369,0.176443838108231
Kit 10 Cuecas Boxer Lupo Cueca Box Algodão Masculina Atacado,4.5,3034.0,18.0,lupo,algodão,Masculino,outono/inverno,+10mil,232.89,0.8148148148148148,0.3341780520052886,0.2131147540983606,0.3785853142798676,463,25,3,10000.0,0.0422919508867667,0.176443838108231
Kit Com 10 Cuecas Boxer Algodão Sem Costura Zorba 781,4.7,5682.0,20.0,zorba,algodão,Masculino,não definido,+50mil,199.9,0.888888888888889,0.625936535918907,0.2459016393442623,0.3223287063879131,838,25,1,50000.0,0.0090950432014552,0.176443838108231
Kit 2 Calça Jeans Lycra Masculina Tamanho Especial Plus Size,4.1,11.0,24.0,galanteador,algodão,Masculino,primavera/verão,+50,259.52,0.6666666666666666,0.00110180696342,0.3114754098360656,0.423996453054125,320,25,7,50.0,0.0027285129604365,0.176443838108231
Roupa Térmica Frio Forro Peluciado Blusa+calça+luva+meia,4.1,28.0,16.0,roupa zero grau,poliester fleece,Feminino,outono/inverno,+100,149.91,0.6666666666666666,0.002974878801234,0.180327868852459,0.237082637017837,669,118,3,100.0,0.0022737608003638,0.0004547521600727
Macacão Apicultor Roupa Proteção Abelha Com Máscara + Brinde,4.1,331.0,10.0,celi,algodão,Sem gênero,não definido,+1000,166.21,0.6666666666666666,0.0363596297928602,0.0819672131147541,0.2648784147880358,177,25,1,1000.0,0.0077307867212369,0.176443838108231
Kit 2 Cuecas Boxer Lupo Basic Microfibra Sem Costura Box,4.8,1429.0,30.0,lupo,microfibra,Masculino,primavera/verão,+10mil,69.99,0.925925925925926,0.1573380343763772,0.4098360655737705,0.1007980628218682,463,101,7,10000.0,0.0422919508867667,0.0300136425648021
Kit 3 Calça Jeans Feminina Levanta Bumbum Cintura Alta,4.3,312.0,5.0,stillger,algodão,Feminino,outono/inverno,+1000,174.24,0.7407407407407406,0.0342661965623622,0.0,0.2785716721803485,736,25,3,1000.0,0.0327421555252387,0.176443838108231
Short Jeans Feminino Com Elastano Barra Dobrada Cintura Alta,4.7,27.0,11.0,menina linda,jean,Feminino,primavera/verão,+100,49.49,0.888888888888889,0.002864698104892,0.0983606557377049,0.0658401828041335,509,74,7,100.0,0.0100045475216007,0.0254661209640745
Kit 4 Conjuntos Fitness Top E Short Roupas Feminina Academia,4.3,18.0,28.0,não definido,poliéster,Feminino,não definido,+100,176.36,0.7407407407407406,0.001873071837814,0.3770491803278688,0.2821868285529143,575,122,1,100.0,0.0104592996816734,0.1173260572987721
Kit Atacado 3 Calça Jeans Masculina Tradicional  (sortidas),4.6,1872.0,8.0,moralice,jean,Masculino,primavera/verão,+10mil,189.88,0.8518518518518517,0.2061480828558836,0.0491803278688524,0.3052419767402203,536,74,7,10000.0,0.0009095043201455,0.0254661209640745
Calça Menino Menina Infantil Moletom Flanelado 1 Ao 8,3.8,17.0,40.0,colbacho,moletom,Meninos,outono/inverno,+100,37.66,0.5555555555555555,0.001762891141472,0.5737704918032788,0.0456669281402407,192,107,3,100.0,0.0054570259208731,0.0027285129604365
Kit 3 Short Jeans Feminino Cintura Alta Barato Atacado,4.4,507.0,9.0,menina linda,jean,Feminino,primavera/verão,+1000,129.2,0.777777777777778,0.0557514323490524,0.0655737704918032,0.2017666518877255,509,74,7,1000.0,0.0100045475216007,0.0254661209640745
Kit 02 Calças Jeans Feminina Skinny Cintura Alta Modeladora,4.4,30.0,8.0,stillger jeans,algodão,Feminino,outono/inverno,+100,139.61,0.777777777777778,0.003195240193918,0.0491803278688524,0.2195184338869752,738,25,3,100.0,0.0154615734424738,0.176443838108231
Kit 3 Calça Jeans Feminina Levanta Bumbum Cintura Alta,4.3,312.0,5.0,stillger,algodão,Feminino,outono/inverno,+1000,174.24,0.7407407407407406,0.0342661965623622,0.0,0.2785716721803485,736,25,3,1000.0,0.0327421555252387,0.176443838108231
Kit 4 Camisa Plus Size Blusa Academia Ginástica Dryfit,4.6,56.0,23.0,camiseta uv masculina camisa,sun protective uv poliéster (100%),Masculino,não definido,+100,145.41,0.8518518518518517,0.00605993829881,0.2950819672131147,0.2294089560383343,168,150,1,100.0,0.0013642564802182,0.0004547521600727
Bermuda Juvenil Jeans Masculino Roupa Short Menino,4.9,14.0,11.0,nacional,jeans,Meninos,primavera/verão,+100,52.16,0.9629629629629632,0.001432349052446,0.0983606557377049,0.0703932335186385,557,75,7,100.0,0.003638017280582,0.0300136425648021
Kit 3 Short Jeans Feminino Cintura Alta Barato Atacado,4.4,507.0,9.0,menina linda,jean,Feminino,primavera/verão,+1000,129.2,0.777777777777778,0.0557514323490524,0.0655737704918032,0.2017666518877255,509,74,7,1000.0,0.0100045475216007,0.0254661209640745
Kit 2 Calças Jeans Masculina Com Lycra.,4.6,2146.0,5.0,almix,jean,Masculino,primavera/verão,+10mil,134.3,0.8518518518518517,0.2363375936535919,0.0,0.210463490331162,26,74,7,10000.0,0.0054570259208731,0.0254661209640745
2 Conjuntos Ciclista Liso + Top Roupas Femininas Academia,4.7,12.0,13.0,akorio,poliéster,Feminino,primavera/verão,+100,78.72,0.888888888888889,0.001211987659762,0.1311475409836065,0.1156850039221036,21,122,7,100.0,0.0045475216007276,0.1173260572987721
5 Shorts De Dormir Algodão Masculino Com Estampas Discreta,4.0,10.0,5.0,brotta,algodão,Masculino,não definido,+25,129.4,0.6296296296296297,0.000991626267078,0.0,0.2021077043757034,149,25,1,25.0,0.0004547521600727,0.176443838108231
Kit 3 Calças Jogger Moda Juvenil Oferta Roupa Mocinhas Luxo,4.4,65.0,5.0,ak fashion kids,bengaline,Meninas,primavera/verão,+100,164.65,0.777777777777778,0.007051564565888,0.0,0.2622182053818082,19,41,7,100.0,0.0027285129604365,0.003638017280582
Bermuda Térmica Anti Assadura Feminina Shorts Esporte Novo,4.9,14.0,21.0,keeper,microfibra,Feminino,primavera/verão,+100,42.9,0.9629629629629632,0.001432349052446,0.2622950819672131,0.0546025033252617,406,101,7,100.0,0.0086402910413824,0.0300136425648021
Shorts Masculino Essentials Logo adidas,4.8,32.0,30.0,adidas,poliéster,Masculino,não definido,+100,199.99,0.925925925925926,0.003415601586602,0.4098360655737705,0.3224821800075031,13,122,1,100.0,0.0109140518417462,0.1173260572987721
Kit 4 Cuecas Boxer Lupo Em Algodão Masculina Cotton Original,4.6,2384.0,22.0,lupo,algodão,Masculino,primavera/verão,+10mil,89.9,0.8518518518518517,0.2625605993829881,0.2786885245901639,0.1347498380000682,463,25,7,10000.0,0.0422919508867667,0.176443838108231
Short Jeans Feminino Cintura Alta Com Lycra Barra Desfiada,4.4,239.0,6.0,stillger,algodão,Feminino,primavera/verão,+1000,44.29,0.777777777777778,0.0262230057293962,0.0163934426229508,0.0569728181167081,736,25,7,1000.0,0.0327421555252387,0.176443838108231
Calça Jeans Feminina Flare Cós Alto Levanta Bumbum Hot Pants,4.4,1028.0,12.0,tizioti,algodão,Feminino,outono/inverno,+10mil,74.17,0.777777777777778,0.1131555751432349,0.1147540983606557,0.1079260598206064,766,25,3,10000.0,0.0009095043201455,0.176443838108231
Short Lipo Cinta Cintura Alta Power Barriga Modeladora Prada,4.5,27.0,11.0,stillger,poliéster,Feminino,primavera/verão,+100,49.41,0.8148148148148148,0.002864698104892,0.0983606557377049,0.0657037618089424,736,122,7,100.0,0.0327421555252387,0.1173260572987721
Roupa Térmica Flanelada Kit 2 Calças + 2 Blusas Segunda Pele,4.4,128.0,10.0,sm,poliéster,Masculino,outono/inverno,+1000,189.73,0.777777777777778,0.0139929484354341,0.0819672131147541,0.3049861873742369,723,122,3,1000.0,0.0013642564802182,0.1173260572987721
Calça Jeans Feminina Super Lipo Sawary Roupas Femininas,4.5,151.0,6.0,sawary,jeans,Feminino,outono/inverno,+1000,172.51,0.8148148148148148,0.0165271044513001,0.0163934426229508,0.2756215681593397,692,75,3,1000.0,0.0068212824010914,0.0300136425648021
Kit 03 Bermudas Jeans Vira Lata Original,3.5,4.0,10.0,vira lata wear,jeans,Masculino,primavera/verão,+50,159.91,0.4444444444444445,0.000330542089026,0.0819672131147541,0.254135261416732,801,75,7,50.0,0.0013642564802182,0.0300136425648021
Kit 2 Shorts Bermuda Anagua Segunda Pele P/ Usar C/ Roupas,3.8,18.0,15.0,beleza feminina,microfibra,Unissex,primavera/verão,+100,50.26,0.5555555555555555,0.001873071837814,0.1639344262295082,0.0671532348828484,117,101,7,100.0,0.0004547521600727,0.0300136425648021
Short Jeans Plus Size Cintura Alta Barra Desfiada Com Lycra,4.4,10.0,7.0,stillger jeans,algodão,Feminino,primavera/verão,+100,64.76,0.777777777777778,0.000991626267078,0.0327868852459016,0.0918795402612462,738,25,7,100.0,0.0154615734424738,0.176443838108231
Short Saia Jeans Plus Size Feminino Cintura Alta Com Lycra,4.9,77.0,11.0,stillger jeans,algodão,Feminino,primavera/verão,+100,72.88,0.9629629629629632,0.008373732921992,0.0983606557377049,0.1057262712731489,738,25,7,100.0,0.0154615734424738,0.176443838108231
Shorts Masculino Essentials Woven adidas,4.7,28.0,16.0,adidas,poliéster,Masculino,não definido,+100,179.99,0.888888888888889,0.002974878801234,0.180327868852459,0.2883769312097132,13,122,1,100.0,0.0109140518417462,0.1173260572987721
Conjunto Térmico Inverno Forrado 2ªpele + Gorro +luva Touch,4.6,44.0,5.0,hype shop,"poliéster peluciado por dentro, com elastano",Sem gênero,não definido,+100,168.36,0.8518518518518517,0.004737769942706,0.0,0.2685447290337983,360,124,1,100.0,0.0004547521600727,0.0004547521600727
Kit 3 Conjunto Menino Roupa Infantil Shorts Moletom Tactel,4.7,7.0,10.0,kn3kids,algodão,Meninos,primavera/verão,+25,122.61,0.888888888888889,0.000661084178052,0.0819672131147541,0.1905289724088537,417,25,7,25.0,0.0009095043201455,0.176443838108231
Kit 2 Calça Moletom Masculina Plus Size Extra G G1 G2 G3 G4,4.4,40.0,10.0,daze,moletom,Masculino,outono/inverno,+100,169.91,0.777777777777778,0.004297047157338,0.0819672131147541,0.271187885815627,215,107,3,100.0,0.0004547521600727,0.0027285129604365
Calça Wide Leg Plus Size Jeans Levanta Bumbum Cintura Alta,4.9,18.0,10.0,stillger,algodão,Feminino,outono/inverno,+100,78.09,0.9629629629629632,0.001873071837814,0.0819672131147541,0.1146106885849732,736,25,3,100.0,0.0327421555252387,0.176443838108231
Short Jeans Feminino Com Lycra Levanta Bumbum Destroyed,4.7,9.0,20.0,stillger,algodão,Feminino,primavera/verão,+50,49.92,0.888888888888889,0.000881445570736,0.2459016393442623,0.066573445653286,736,25,7,50.0,0.0327421555252387,0.176443838108231
Short Meia Coxa Claro Com Ilhós Roupa Feminina.,4.1,7.0,24.0,atacado da moda,algodão,Feminino,não definido,+25,59.99,0.6666666666666666,0.000661084178052,0.3114754098360656,0.0837454384229733,61,25,1,25.0,0.0009095043201455,0.176443838108231
Short Saia Jeans Plus Size Feminino Cintura Alta Com Lycra,4.9,77.0,11.0,stillger jeans,algodão,Feminino,primavera/verão,+100,72.88,0.9629629629629632,0.008373732921992,0.0983606557377049,0.1057262712731489,738,25,7,100.0,0.0154615734424738,0.176443838108231
Short Jeans Plus Size Cintura Alta Barra Desfiada Com Lycra,4.4,10.0,7.0,stillger jeans,algodão,Feminino,primavera/verão,+100,64.76,0.777777777777778,0.000991626267078,0.0327868852459016,0.0918795402612462,738,25,7,100.0,0.0154615734424738,0.176443838108231
Shorts Masculino Essentials Woven adidas,4.7,28.0,16.0,adidas,poliéster,Masculino,não definido,+100,179.99,0.888888888888889,0.002974878801234,0.180327868852459,0.2883769312097132,13,122,1,100.0,0.0109140518417462,0.1173260572987721
Kit 4 Conjunto Moletom Menino Infantil Gola Careca Masculino,4.0,41.0,6.0,colbacho,algodão,Bebês,não definido,+100,134.61,0.6296296296296297,0.00440722785368,0.0163934426229508,0.2109921216875277,192,25,1,100.0,0.0054570259208731,0.176443838108231
Kit 3 Conjunto Menino Roupa Infantil Shorts Moletom Tactel,4.7,7.0,10.0,kn3kids,algodão,Meninos,primavera/verão,+25,122.61,0.888888888888889,0.000661084178052,0.0819672131147541,0.1905289724088537,417,25,7,25.0,0.0009095043201455,0.176443838108231
"Kit Com 4 Short Para Usar Embaixo Da Roupa, Vestido, Saia",4.2,88.0,11.0,silvest lingerie,poliéster,Feminino,primavera/verão,+1000,57.93,0.7037037037037038,0.009585720581754,0.0983606557377049,0.0802325977968009,719,122,7,1000.0,0.0022737608003638,0.1173260572987721
Kit 10 Cuecas Lupo Boxer Masculinas Atacado Box 523 Algodão,4.2,621.0,5.0,lupo,algodão 95%,Masculino,2021,+1000,179.9,0.7037037037037038,0.0683120317320405,0.0,0.2882234575901231,463,27,0,1000.0,0.0422919508867667,0.003638017280582
Macacão Roupa De Apicultor Completa Proteção Contra Abelhas,4.3,178.0,24.0,celi,brim 100% algodão,Sem gênero,não definido,+1000,203.88,0.7407407407407406,0.0195019832525341,0.3114754098360656,0.3291156508986733,177,46,1,1000.0,0.0077307867212369,0.0090950432014552
Roupa Térmica Peluciado Blusa Calça Touca Cachecol Meia Luva,4.8,6.0,10.0,neve segunda pele térmica,poliéster/elastano,Feminino,outono/inverno,+25,199.1,0.925925925925926,0.00055090348171,0.0819672131147541,0.3209644964360015,564,127,3,25.0,0.0031832651205093,0.001819008640291
Calça Para Trabalho Pesado Uniforme Pedreiro Mecânico Obra,4.1,303.0,11.0,miglar,brim algodão microfibra,Masculino,primavera/verão,+10mil,53.05,0.6666666666666666,0.0332745702952842,0.0983606557377049,0.0719109170901401,513,48,7,10000.0,0.0004547521600727,0.0004547521600727
Kit 10 Cuecas Lupo Boxer Masculinas Atacado Box 523 Algodão,4.2,621.0,5.0,lupo,algodão 95%,Masculino,2021,+1000,179.9,0.7037037037037038,0.0683120317320405,0.0,0.2882234575901231,463,27,0,1000.0,0.0422919508867667,0.003638017280582
Macacão Roupa De Apicultor Completa Proteção Contra Abelhas,4.3,178.0,24.0,celi,brim 100% algodão,Sem gênero,não definido,+1000,203.88,0.7407407407407406,0.0195019832525341,0.3114754098360656,0.3291156508986733,177,46,1,1000.0,0.0077307867212369,0.0090950432014552
Calça Jeans Feminina Plus Size Flare Com Lycra Cintura Alta,4.5,30.0,9.0,stillger,algodão,Feminino,outono/inverno,+100,78.59,0.8148148148148148,0.003195240193918,0.0655737704918032,0.115463319804918,736,25,3,100.0,0.0327421555252387,0.176443838108231
Kit 3 Conjuntos Short + Top Nadador Fitness Roupas Femininas,4.6,17.0,19.0,fabricacao propria,poliéster,Feminino,primavera/verão,+100,129.21,0.8518518518518517,0.001762891141472,0.2295081967213114,0.2017837045121244,283,122,7,100.0,0.0022737608003638,0.1173260572987721
Kit 10 Cuecas Boxer Mash Algodão Cotton Box Original Oferta,4.6,1700.0,22.0,mash,algodão,Masculino,primavera/verão,+10mil,229.39,0.8518518518518517,0.1871970030850595,0.2786885245901639,0.3726168957402544,494,25,7,10000.0,0.0109140518417462,0.176443838108231
"Bermuda Térmica Masculina Esportiva Corrida, Academia Treino",4.8,1004.0,24.0,keeper,microfibra,Masculino,primavera/verão,+10mil,48.52,0.925925925925926,0.1105112384310268,0.3114754098360656,0.0641860782374407,406,101,7,10000.0,0.0086402910413824,0.0300136425648021
Shorts Feminino Size Paete Cintura Alta Curto P Ao 52,4.3,7.0,6.0,short menina mulher look verão,roupa tik tok blogueirinha adulta,roupa para gordinha pluss P ao 52,primavera/verão,+50,78.16,0.7407407407407406,0.000661084178052,0.0163934426229508,0.1147300569557654,710,136,7,50.0,0.0009095043201455,0.0009095043201455
Roupa Feminina Short Jeans Cintura Alta Hot Pant Com Lycra,4.4,29.0,11.0,gtz,jeans,Feminino,primavera/verão,+100,79.19,0.777777777777778,0.003085059497576,0.0983606557377049,0.1164864772688516,347,75,7,100.0,0.0004547521600727,0.0300136425648021
Kit 10 Cuecas Boxer Lupo Cueca Box Algodão Masculina Atacado,4.5,3036.0,18.0,lupo,algodão,Masculino,outono/inverno,+10mil,232.89,0.8148148148148148,0.3343984133979726,0.2131147540983606,0.3785853142798676,463,25,3,10000.0,0.0422919508867667,0.176443838108231
Kit Com 10 Cuecas Boxer Algodão Sem Costura Zorba 781,4.7,5688.0,20.0,zorba,algodão,Masculino,não definido,+50mil,199.9,0.888888888888889,0.626597620096959,0.2459016393442623,0.3223287063879131,838,25,1,50000.0,0.0090950432014552,0.176443838108231
Macacão Apicultor Roupa Proteção Abelha Com Máscara + Brinde,4.1,332.0,10.0,celi,algodão,Sem gênero,não definido,+1000,166.21,0.6666666666666666,0.0364698104892022,0.0819672131147541,0.2648784147880358,177,25,1,1000.0,0.0077307867212369,0.176443838108231
Calça Legging Fake Jeans Roupa Fitness Academia Kit 02 Peças,4.4,19.0,10.0,propria,elastano,Feminino,não definido,+50,99.1,0.777777777777778,0.001983252534156,0.0819672131147541,0.1504382524470516,630,62,1,50.0,0.0050022737608003,0.0045475216007276
Kit 15 Cuecas Box Boxer Infantil Mallbeck De Microfibra.,4.1,45.0,6.0,cueca infantil-cueca para meninos-roupa íntima infantil-calcinha e cueca infantil-cueca boxer infantil-conjunto de cueca infantil-moda íntima infantil-cueca infantil atacada-cuecas divertidas para crianças-cueca infantil estampada-kit cuecas infantis,microfibra,Meninos,não definido,+100,58.45,0.6666666666666666,0.004847950639048,0.0163934426229508,0.0811193342655434,209,101,1,100.0,0.0004547521600727,0.0300136425648021
Conjunto Fitness Feminino Top Short Roupas P/ Academia A19,4.4,9.0,26.0,akorio,poliéster,Feminino,primavera/verão,+100,46.7,0.777777777777778,0.000881445570736,0.3442622950819672,0.0610825005968418,21,122,7,100.0,0.0045475216007276,0.1173260572987721
Short Saia Jeans Plus Size Com Lycra Cós Alto Levanta Bumbum,4.5,41.0,6.0,wreis jeans,algodão,Feminino,primavera/verão,+100,67.98,0.8148148148148148,0.00440722785368,0.0163934426229508,0.0973704853176904,825,25,7,100.0,0.0040927694406548,0.176443838108231
Kit 2 Cuecas Boxer Lupo Basic Microfibra Sem Costura Box,4.8,1429.0,30.0,lupo,microfibra,Masculino,primavera/verão,+10mil,69.99,0.925925925925926,0.1573380343763772,0.4098360655737705,0.1007980628218682,463,101,7,10000.0,0.0422919508867667,0.0300136425648021
Kit 7 Calcinha Cós Elegante Cos Alto Conforto Microfibra,3.8,19.0,5.0,mallbeck-calcinha confortavel - calcinha tanga-,microfibra,Feminino,não definido,+100,49.12,0.5555555555555555,0.001983252534156,0.0,0.0652092357013744,476,101,1,100.0,0.0013642564802182,0.0300136425648021
Kit 5 Bermuda Masculinha Moletinho Academia Verão Praia,4.3,6.0,5.0,canario,moletinho,Masculino,primavera/verão,+50,156.14,0.7407407407407406,0.00055090348171,0.0,0.2477064220183486,170,106,7,50.0,0.0100045475216007,0.0072760345611641
Kit 2 Conjuntos Segunda Pele Forrada Frio Intenso,4.5,104.0,10.0,hot lee,poliéster,Sem gênero,outono/inverno,+100,219.1,0.8148148148148148,0.011348611723226,0.0819672131147541,0.3550697452337915,357,122,3,100.0,0.0004547521600727,0.1173260572987721
Kit 3 Pijama Feminino Longo Suede Inverno Frio Tecido Macio,4.7,18.0,10.0,donna babi,suede,Feminino,outono/inverno,+25,145.31,0.888888888888889,0.001873071837814,0.0819672131147541,0.2292384297943453,245,147,3,25.0,0.0009095043201455,0.0009095043201455
Kit 10 Peças Roupa Infantil Menino 5 Shorts + 5 Camisetas,3.2,5.0,10.0,imperio kids,algodão,Meninos,primavera/verão,+25,155.31,0.3333333333333333,0.000440722785368,0.0819672131147541,0.2462910541932403,364,25,7,25.0,0.0086402910413824,0.176443838108231
Kit 3 Short Jeans Feminino Cintura Alta Barato Atacado,4.4,507.0,9.0,menina linda,jean,Feminino,primavera/verão,+1000,129.2,0.777777777777778,0.0557514323490524,0.0655737704918032,0.2017666518877255,509,74,7,1000.0,0.0100045475216007,0.0254661209640745
Kit Com 10 Cuecas Boxer Masculina Polo London Club - Oferta,4.1,35.0,38.0,polo london club,algodão,Masculino,primavera/verão,+100,179.9,0.6666666666666666,0.003746143675628,0.5409836065573771,0.2882234575901231,617,25,7,100.0,0.0004547521600727,0.176443838108231
Kit 2 Calças Jeans Masculina Com Lycra.,4.6,2146.0,5.0,almix,jean,Masculino,primavera/verão,+10mil,134.3,0.8518518518518517,0.2363375936535919,0.0,0.210463490331162,26,74,7,10000.0,0.0054570259208731,0.0254661209640745
Kit 3 Calças Jogger Masculina Jeans Com Punho Elastico,4.3,779.0,9.0,gbgsports,sarja,Masculino,outono/inverno,+1000,182.34,0.7407407407407406,0.0857205817540767,0.0655737704918032,0.2923842979434535,324,138,3,1000.0,0.0059117780809458,0.0154615734424738
5 Bermudas Fitness Feminina Tapa Bumbum Roupas Academia B05,4.5,6.0,11.0,própria,poliéster,Feminino,primavera/verão,+25,149.41,0.8148148148148148,0.00055090348171,0.0983606557377049,0.2362300057978923,633,122,7,25.0,0.0100045475216007,0.1173260572987721
Kit 3 Calça Jogger Ribana Feminina Para Academia Moda Fit,3.8,165.0,5.0,ems textil,"algodão, calca moletom",Feminino,outono/inverno,+1000,133.62,0.5555555555555555,0.0180696342000881,0.0,0.2093039118720371,264,35,3,1000.0,0.0004547521600727,0.0004547521600727
Shorts Saia Jeans Plus Size Com Detalhes E Lycra,4.6,141.0,8.0,menina linda,algodão,Feminino,primavera/verão,+1000,66.63,0.8518518518518517,0.0154252974878801,0.0491803278688524,0.0950683810238395,509,25,7,1000.0,0.0100045475216007,0.176443838108231
Calça Moletom Masculina Flanelada Sem Punho Malwee,5.0,8.0,13.0,malwee,algodão,Masculino,outono/inverno,+25,139.79,1.0,0.000771264874394,0.1311475409836065,0.2198253811261553,479,25,3,25.0,0.0031832651205093,0.176443838108231
Kit 10 Cuecas Box Lupo Algodão Boxer Masculina Cotton Com Nf,4.5,795.0,44.0,lupo,algodão cotton,Masculino,primavera-verão - outono-inverno,+10mil,317.9,0.8148148148148148,0.0874834728955487,0.639344262295082,0.523549674294874,463,30,5,10000.0,0.0422919508867667,0.003638017280582
Kit 3 Short Jeans Cintura Alta Levanta Bumbum Destroyed,4.6,68.0,10.0,menina linda,algodão,Feminino,primavera/verão,+100,129.91,0.8518518518518517,0.007382106654914,0.0819672131147541,0.202977388220047,509,25,7,100.0,0.0100045475216007,0.176443838108231
Calça Social Plus Size Feminina Roupa 50 Ao 54,4.5,91.0,16.0,annalu uniformes,two way bi elastic,Feminino,outono/inverno,+1000,69.54,0.8148148148148148,0.00991626267078,0.180327868852459,0.100030694723918,47,172,3,1000.0,0.0004547521600727,0.0004547521600727
Kit Com 4 Cueca Box Zorba Algodão - Boxer Sem Costura 781,4.7,215.0,25.0,zorba,algodão,Masculino,primavera-verão outono-inverno,+1000,105.99,0.888888888888889,0.0235786690171881,0.3278688524590164,0.1621875106578902,838,25,6,1000.0,0.0090950432014552,0.176443838108231
Kit 4 Cuecas Boxer Lupo Em Algodão Masculina Cotton Original,4.6,2386.0,22.0,lupo,algodão,Masculino,primavera/verão,+10mil,89.9,0.8518518518518517,0.2627809607756721,0.2786885245901639,0.1347498380000682,463,25,7,10000.0,0.0422919508867667,0.176443838108231
Calça Térmica Masculina Roupa De Frio Forrada Legging,4.6,7.0,35.0,camiseta térmica/mundo térmico,poliester térmico peluciado + elastano,Masculino,primavera/verão,+50,78.28,0.8518518518518517,0.000661084178052,0.4918032786885247,0.1149346884485522,167,119,7,50.0,0.0004547521600727,0.0004547521600727
Short Jeans Feminino Cintura Alta Com Lycra Barra Desfiada,4.4,239.0,6.0,stillger,algodão,Feminino,primavera/verão,+1000,44.29,0.777777777777778,0.0262230057293962,0.0163934426229508,0.0569728181167081,736,25,7,1000.0,0.0327421555252387,0.176443838108231
Roupa Conjunto Térmica Grossa Frio Extremo Forrada + Brinde,4.7,212.0,11.0,neve,poliéster/elastano,Feminino,outono/inverno,+1000,139.71,0.888888888888889,0.0232481269281621,0.0983606557377049,0.2196889601309641,563,127,3,1000.0,0.0013642564802182,0.001819008640291
Kit 3 Short Curto Soltinho Malha De Moletom C/bolso G1 Ao G6,4.0,3.0,8.0,colbacho,algodão,Feminino,primavera/verão,+25,113.6,0.6296296296296297,0.000220361392684,0.0491803278688524,0.1751645578254493,192,25,7,25.0,0.0054570259208731,0.176443838108231
Shorts adidas 3 Stripes - Original,4.3,27.0,11.0,adidas,algodão/poliéster,Masculino,primavera/verão,+100,199.99,0.7407407407407406,0.002864698104892,0.0983606557377049,0.3224821800075031,13,37,7,100.0,0.0109140518417462,0.0004547521600727
Minhocão Calça Ceroula Masculina Long Leg Mijão Promoção,4.7,208.0,50.0,bela notte,algodão,Masculino,primavera/verão/outono/inverno,+1000,78.49,0.888888888888889,0.0228074041427941,0.7377049180327869,0.115292793560929,116,25,9,1000.0,0.0004547521600727,0.176443838108231
Shorts Moletom Masculino Infantil Kit 7 Peças Promoção Cores,4.5,26.0,9.0,ak art lover,shorts de algodão para menino,Meninos,primavera/verão,+100,139.37,0.8148148148148148,0.00275451740855,0.0655737704918032,0.2191091709014017,18,145,7,100.0,0.001819008640291,0.0004547521600727
Bermuda Short Jeans Masculino Plus Size 36 Ao 56 Elastano,4.8,6.0,5.0,galanteador,algodão,Masculino,primavera/verão,+50,78.63,0.925925925925926,0.00055090348171,0.0,0.1155315303025135,320,25,7,50.0,0.0027285129604365,0.176443838108231
Calça Treino Essentials 3 Listras Masculina adidas Novo,4.8,19.0,36.0,adidas,poliéster,Masculino,outono/inverno,+50,299.68,0.925925925925926,0.001983252534156,0.5081967213114754,0.4924797926400873,13,122,3,50.0,0.0109140518417462,0.1173260572987721
Short Saia Jeans Plus Size Feminino Cintura Alta Com Lycra,4.9,77.0,11.0,stillger jeans,algodão,Feminino,primavera/verão,+100,72.88,0.9629629629629632,0.008373732921992,0.0983606557377049,0.1057262712731489,738,25,7,100.0,0.0154615734424738,0.176443838108231
Camiseta Masculina Básica Atacado Algodão Penteado 5 Peças,4.8,21.0,19.0,ak art lover,camiseta básica de algodão masculina,Masculino,não definido,+50,129.12,0.925925925925926,0.00220361392684,0.2295081967213114,0.2016302308925343,18,52,1,50.0,0.001819008640291,0.0004547521600727
Kit 3 Short Jeans Feminino Cintura Alta Com Lycra Modelador,4.4,8.0,18.0,menina linda,algodão,Feminino,primavera/verão,+5,149.17,0.777777777777778,0.000771264874394,0.2131147540983606,0.2358207428123188,509,25,7,5.0,0.0100045475216007,0.176443838108231
Calça Jeans Super Lipo Feminina Azul Sawary,4.6,18.0,38.0,sawary,algodão,Feminino,outono/inverno,+100,183.99,0.8518518518518517,0.001873071837814,0.5409836065573771,0.2951979809692712,692,25,3,100.0,0.0068212824010914,0.176443838108231
Short Masculino Malha Plana Aeroready adidas,4.8,14.0,5.0,adidas,poliéster,Masculino,não definido,+100,129.99,0.925925925925926,0.001432349052446,0.0,0.2031138092152382,13,122,1,100.0,0.0109140518417462,0.1173260572987721
Kit 9 Cuecas Lupo Slip Masculino Algodão Adulto Original,4.5,11.0,24.0,lupo,algodão,Masculino,outono/inverno,+50,229.64,0.8148148148148148,0.00110180696342,0.3114754098360656,0.3730432113502268,463,25,3,50.0,0.0422919508867667,0.176443838108231
"Kit Com 4 Short Para Usar Embaixo Da Roupa, Vestido, Saia",4.2,88.0,11.0,silvest lingerie,poliéster,Feminino,primavera/verão,+1000,57.93,0.7037037037037038,0.009585720581754,0.0983606557377049,0.0802325977968009,719,122,7,1000.0,0.0022737608003638,0.1173260572987721
Kit 10 Cuecas Lupo Boxer Masculinas Atacado Box 523 Algodão,4.2,621.0,5.0,lupo,algodão 95%,Masculino,2021,+1000,179.9,0.7037037037037038,0.0683120317320405,0.0,0.2882234575901231,463,27,0,1000.0,0.0422919508867667,0.003638017280582
Macacão Roupa De Apicultor Completa Proteção Contra Abelhas,4.3,178.0,24.0,celi,brim 100% algodão,Sem gênero,não definido,+1000,203.88,0.7407407407407406,0.0195019832525341,0.3114754098360656,0.3291156508986733,177,46,1,1000.0,0.0077307867212369,0.0090950432014552
Calça Jeans Cigarrete Feminina Índigo Índigo Sawary Oferta,4.5,39.0,47.0,sawary,algodão,Feminino,primavera/verão,+100,138.2,0.8148148148148148,0.004186866460996,0.6885245901639345,0.217114013846731,692,25,7,100.0,0.0068212824010914,0.176443838108231
Kit 5 Cuecas Anti Assadura Sem Atrito Academia E Corrida,5.0,11.0,16.0,keeper,microfibra,Masculino,primavera/verão,+50,149.97,1.0,0.00110180696342,0.180327868852459,0.2371849527642304,406,101,7,50.0,0.0086402910413824,0.0300136425648021
Calça Jeans Infantil Masculina Roupa Brim Meninos,4.8,137.0,11.0,produto nacional,jeans ou brim,Meninos,não definido,+1000,46.82,0.925925925925926,0.0149845747025121,0.0983606557377049,0.0612871320896286,628,82,1,1000.0,0.001819008640291,0.0004547521600727
Kit Com 05 Shorts Estampado Feminino Adulto Extra Plus-size,4.1,12.0,5.0,voluccy,poliéster,Feminino,primavera/verão,+100,78.1,0.6666666666666666,0.001211987659762,0.0,0.1146277412093721,811,122,7,100.0,0.0009095043201455,0.1173260572987721
Kit 10 Cuecas Lupo Boxer Masculinas Atacado Box 523 Algodão,4.2,621.0,5.0,lupo,algodão 95%,Masculino,2021,+1000,179.9,0.7037037037037038,0.0683120317320405,0.0,0.2882234575901231,463,27,0,1000.0,0.0422919508867667,0.003638017280582
Macacão Roupa De Apicultor Completa Proteção Contra Abelhas,4.3,178.0,24.0,celi,brim 100% algodão,Sem gênero,não definido,+1000,203.88,0.7407407407407406,0.0195019832525341,0.3114754098360656,0.3291156508986733,177,46,1,1000.0,0.0077307867212369,0.0090950432014552
Camiseta Branca Unissex 100% Algodão Premium Camisa Básica,4.7,169.0,11.0,silkriar,algodão,Sem gênero,não definido,+1000,38.38,0.888888888888889,0.0185103569854561,0.0983606557377049,0.0468947170969612,717,25,1,1000.0,0.0004547521600727,0.176443838108231
"Bermuda Térmica Masculina Esportiva Corrida, Academia Treino",4.8,1004.0,24.0,keeper,microfibra,Masculino,primavera/verão,+10mil,48.52,0.925925925925926,0.1105112384310268,0.3114754098360656,0.0641860782374407,406,101,7,10000.0,0.0086402910413824,0.0300136425648021
Kit 10 Cuecas Boxer Mash Algodão Cotton Box Original Oferta,4.6,1700.0,22.0,mash,algodão,Masculino,primavera/verão,+10mil,229.39,0.8518518518518517,0.1871970030850595,0.2786885245901639,0.3726168957402544,494,25,7,10000.0,0.0109140518417462,0.176443838108231
Short Jeans Feminino Cintura Alta Levanta Bumbum Com Lycra,4.8,36.0,8.0,stillger jeans,algodão,Feminino,primavera/verão,+100,45.22,0.925925925925926,0.00385632437197,0.0491803278688524,0.0585587121858054,738,25,7,100.0,0.0154615734424738,0.176443838108231
Short Jeans Feminino Cintura Alta Destroyed Hot Pants Curto,4.5,33.0,11.0,stillger jeans,algodão,Feminino,primavera/verão,+100,49.41,0.8148148148148148,0.003525782282944,0.0983606557377049,0.0657037618089424,738,25,7,100.0,0.0154615734424738,0.176443838108231
Calça Jeans Wide Leg Feminina Sawary,4.8,52.0,36.0,sawary,algodão,Feminino,outono/inverno,+100,188.99,0.925925925925926,0.005619215513442,0.5081967213114754,0.3037242931687187,692,25,3,100.0,0.0068212824010914,0.176443838108231
Kit 10 Cuecas Boxer Lupo Cueca Box Algodão Masculina Atacado,4.5,3036.0,18.0,lupo,algodão,Masculino,outono/inverno,+10mil,232.89,0.8148148148148148,0.3343984133979726,0.2131147540983606,0.3785853142798676,463,25,3,10000.0,0.0422919508867667,0.176443838108231
Kit Com 10 Cuecas Boxer Algodão Sem Costura Zorba 781,4.7,5688.0,20.0,zorba,algodão,Masculino,não definido,+50mil,199.9,0.888888888888889,0.626597620096959,0.2459016393442623,0.3223287063879131,838,25,1,50000.0,0.0090950432014552,0.176443838108231
Macacão Apicultor Roupa Proteção Abelha Com Máscara + Brinde,4.1,332.0,10.0,celi,algodão,Sem gênero,não definido,+1000,166.21,0.6666666666666666,0.0364698104892022,0.0819672131147541,0.2648784147880358,177,25,1,1000.0,0.0077307867212369,0.176443838108231
Bermuda Térmica Anti Assadura Feminina Shorts Esporte Novo,4.7,40.0,14.0,keeper,microfibra,Feminino,primavera/verão,+100,48.11,0.888888888888889,0.004297047157338,0.1475409836065573,0.063486920637086,406,101,7,100.0,0.0086402910413824,0.0300136425648021
Kit 6 Cuecas Box Boxer Lupo Sem Costura Masculina Microfibra,4.8,325.0,20.0,lupo,microfibra,Masculino,primavera/verão,+1000,183.88,0.925925925925926,0.0356985456148082,0.2459016393442623,0.2950104021008833,463,101,7,1000.0,0.0422919508867667,0.0300136425648021
Short Jeans Plus Size Feminino Cintura Alta Com Lycra Curto,4.2,9.0,8.0,menina linda,algodão,Feminino,primavera/verão,+25,59.1,0.7037037037037038,0.000881445570736,0.0491803278688524,0.0822277548514716,509,25,7,25.0,0.0100045475216007,0.176443838108231
Kit 3 Bermudas Fitness Roupas Femininas Com Tapa Bumbum B05,5.0,7.0,36.0,própria,suplex poliéster,Feminino,primavera/verão,+25,116.81,1.0,0.000661084178052,0.5081967213114754,0.1806384502574946,633,154,7,25.0,0.0100045475216007,0.0031832651205093
Calça Jeans Feminina Boot Cut Índigo Sawary,4.5,318.0,17.0,sawary,algodão,Feminino,primavera/verão,+1000,144.99,0.8148148148148148,0.0349272807404142,0.1967213114754098,0.2286927458135807,692,25,7,1000.0,0.0068212824010914,0.176443838108231
Kit 2 Cuecas Boxer Lupo Basic Microfibra Sem Costura Box,4.8,1429.0,30.0,lupo,microfibra,Masculino,primavera/verão,+10mil,69.99,0.925925925925926,0.1573380343763772,0.4098360655737705,0.1007980628218682,463,101,7,10000.0,0.0422919508867667,0.0300136425648021
Kit 5 Short Saia Rodado Fitness Feminino Roupas De Academia,5.0,8.0,21.0,própria,poliéster,Feminino,primavera/verão,+50,159.32,1.0,0.000771264874394,0.2622950819672131,0.2531291565771972,633,122,7,50.0,0.0100045475216007,0.1173260572987721
Calça Feminina Jeans Boot Índigo Sawary,4.7,71.0,30.0,sawary,algodão,Feminino,outono/inverno,+100,158.99,0.888888888888889,0.00771264874394,0.4098360655737705,0.2525664199720337,692,25,3,100.0,0.0068212824010914,0.176443838108231
Bolero De Plush Com Tiara Bebe Menina Infantil Várias Cores,4.8,160.0,10.0,mundo nina,plush,Bebês,outono/inverno,+1000,44.23,0.925925925925926,0.0175187307183781,0.0819672131147541,0.0568705023703147,549,115,3,1000.0,0.0004547521600727,0.0004547521600727
Conjunto Térmico Inverno Frio Extremo Forro Fleece Roupa Nev,4.1,25.0,34.0,neve segunda pele térmica,"fibra bambu, elastano, poliéster",Feminino,outono/inverno,+100,119.54,0.6666666666666666,0.002644336712208,0.4754098360655738,0.1852938167183929,564,67,3,100.0,0.0031832651205093,0.0004547521600727
Short Jeans Feminino Destroyed Cós Alto Com Lycra Desfiado,4.2,53.0,10.0,menina linda,jean,Feminino,primavera/verão,+100,44.49,0.7037037037037038,0.005729396209784,0.0819672131147541,0.057313870604686,509,74,7,100.0,0.0100045475216007,0.0254661209640745
Calça Jeans Feminina Cintura Alta Com Lycra Levanta Bumbum,4.5,329.0,6.0,destmoda,jeans,Feminino,outono/inverno,+1000,149.99,0.8148148148148148,0.0361392684001762,0.0163934426229508,0.2372190580130282,229,75,3,1000.0,0.0004547521600727,0.0300136425648021
Kit 3 Calça Jeans Feminina Levanta Bumbum Cintura Alta,4.3,312.0,5.0,stillger,algodão,Feminino,outono/inverno,+1000,174.24,0.7407407407407406,0.0342661965623622,0.0,0.2785716721803485,736,25,3,1000.0,0.0327421555252387,0.176443838108231
Roupa De Frio Térmica Feminina Blusa E Calça Segunda Pele,4.6,29.0,35.0,"kit frio inverno, blusa manga longa segunda pele,",92% poliester 8% spandex (elastano),Sem gênero,não definido,+100,89.49,0.8518518518518517,0.003085059497576,0.4918032786885247,0.1340506803997135,413,14,1,100.0,0.0004547521600727,0.0004547521600727
Calça Feminina Jogger Malha De Viscolycra Esportiva Cós Alto,4.2,14.0,8.0,aristem roupas de academia,viscolycra,Feminino,não definido,+50,63.78,0.7037037037037038,0.001432349052446,0.0491803278688524,0.0902083830701545,51,173,1,50.0,0.0004547521600727,0.0059117780809458
Conjunto Motocross Amx Infantil Moto Azul/vermelho/branco,4.5,14.0,5.0,amx acessorios,poliéster,Sem gênero infantil,não definido,+100,190.5,0.8148148148148148,0.001432349052446,0.0,0.3062992394529518,40,122,1,100.0,0.0004547521600727,0.1173260572987721
Kit 05 Shorts De Academia Treino Roupas Moda Fitness Atacado,4.2,5.0,16.0,própria,poliéster,Feminino,não definido,+25,119.96,0.7037037037037038,0.000440722785368,0.180327868852459,0.1860100269431465,633,122,1,25.0,0.0100045475216007,0.1173260572987721
Kit 10 Cueca Boxer Lupo Sunga Box Algodão 100% Original,4.7,26.0,30.0,lupo,algodão,Masculino,outono/inverno,+100,247.5,0.888888888888889,0.00275451740855,0.4098360655737705,0.4034991985266532,463,25,3,100.0,0.0422919508867667,0.176443838108231
Kit 2 Calças Jeans Masculina Com Lycra.,4.6,2146.0,5.0,almix,jean,Masculino,primavera/verão,+10mil,134.3,0.8518518518518517,0.2363375936535919,0.0,0.210463490331162,26,74,7,10000.0,0.0054570259208731,0.0254661209640745
Conjunto Blusa Calça Feminina Roupa Inverno Promoção J11,4.8,38.0,11.0,confecção própria,malha crepe,Feminino,não definido,+100,78.22,0.925925925925926,0.004076685764654,0.0983606557377049,0.1148323727021588,195,90,1,100.0,0.0004547521600727,0.0004547521600727
Kit 3 Calças Jogger Masculina Jeans Com Punho Elastico,4.3,779.0,9.0,gbgsports,sarja,Masculino,outono/inverno,+1000,182.34,0.7407407407407406,0.0857205817540767,0.0655737704918032,0.2923842979434535,324,138,3,1000.0,0.0059117780809458,0.0154615734424738
Shorts Masculino Squadra 21 adidas,4.7,82.0,30.0,adidas,poliéster,Masculino,não definido,+100,119.99,0.888888888888889,0.008924636403702,0.4098360655737705,0.1860611848163432,13,122,1,100.0,0.0109140518417462,0.1173260572987721
Kit 10 Cuecas Boxer Lupo Cueca Box Algodão Atacado Original,4.6,78.0,11.0,lupo,algodão,Masculino,outono/inverno,+1000,218.61,0.8518518518518517,0.008483913618334,0.0983606557377049,0.3542341666382456,463,25,3,1000.0,0.0422919508867667,0.176443838108231
Kit 3 Calça Jeans Feminina Levanta Bumbum Atacado,4.3,9.0,8.0,stillger,algodão,Feminino,outono/inverno,+50,179.41,0.7407407407407406,0.000881445570736,0.0491803278688524,0.2873878789945772,736,25,3,50.0,0.0327421555252387,0.176443838108231
Kit 5 Cuecas Anti Assadura Esportiva Sem Costura Premium,4.9,50.0,37.0,keeper,microfibra,Masculino,primavera/verão,+100,199.97,0.9629629629629632,0.005398854120758,0.5245901639344263,0.3224480747587053,406,101,7,100.0,0.0086402910413824,0.0300136425648021
Kit 3 Short Bermuda Masculina Dry Fit Academia Plus Size,4.8,33.0,10.0,daze modas,poliéster,Masculino,primavera/verão,+100,135.31,0.925925925925926,0.003525782282944,0.0819672131147541,0.2121858053954503,216,122,7,100.0,0.0040927694406548,0.1173260572987721
Conjuntinho Mozao Casal Homem Mulher Estampado Viagem Roupa,4.8,8.0,37.0,iz store,poliéster,Sem gênero,primavera/verão,+100,78.7,0.925925925925926,0.000771264874394,0.5245901639344263,0.1156508986733058,382,122,7,100.0,0.0004547521600727,0.1173260572987721
Calça Legging Moletom Infantil Menina Malwee Kids,5.0,6.0,11.0,malwee kids,algodão,Meninas,outono/inverno,+25,51.27,1.0,0.00055090348171,0.0983606557377049,0.0688755499471368,480,25,3,25.0,0.0004547521600727,0.176443838108231
Kit 6 Cuecas Box Sem Costura Boxer Lupo Microfibra Original,4.7,76.0,15.0,lupo,microfibra,Masculino,primavera/verão,+1000,183.06,0.888888888888889,0.00826355222565,0.1639344262295082,0.2936120869001739,463,101,7,1000.0,0.0422919508867667,0.0300136425648021
Conjunto Calça Blusa Térmica Roupafrio Segunda Pele Feminino,4.0,16.0,44.0,hangar moriah,composição: 92% poliester 8% spandex,Feminino,outono/inverno,+100,139.32,0.6296296296296297,0.00165271044513,0.639344262295082,0.2190239077794072,351,55,3,100.0,0.0013642564802182,0.0045475216007276
Calça Mom Consciencia Jeans 00101 Jeans Medio,4.7,6.0,20.0,consciência,algodão orgânico,Feminino,outono/inverno,+25,153.19,0.888888888888889,0.00055090348171,0.2459016393442623,0.2426758978206746,203,33,3,25.0,0.0022737608003638,0.0045475216007276
Short Saia Rodado Fitness Feminino Roupas Para Academia,4.9,18.0,22.0,akorio,poliéster,Feminino,primavera/verão,+100,37.19,0.9629629629629632,0.001873071837814,0.2786885245901639,0.0448654547934927,21,122,7,100.0,0.0045475216007276,0.1173260572987721
Combo 4 Bermudas Plus Size Até O Joelho Estampada Cós Alto,4.1,39.0,10.0,kit bermuda feminina academia ginástica atacado,poliéster,Feminino,primavera/verão,+100,116.62,0.6666666666666666,0.004186866460996,0.0819672131147541,0.1803144503939156,410,122,7,100.0,0.001819008640291,0.1173260572987721
Kit 4 Cuecas Lupo Algodão Sunga Boxer Adulto Cotton Original,4.5,193.0,19.0,lupo,algodão,Masculino,outono/inverno,+1000,85.53,0.8148148148148148,0.0211546936976641,0.2295081967213114,0.1272978411377511,463,25,3,1000.0,0.0422919508867667,0.176443838108231
Kit 03 Conjuntos Top + Short Roupas Para Academia Atacado,4.2,115.0,24.0,akorio,suplex,Feminino,primavera/verão,+1000,136.04,0.7037037037037038,0.0125605993829881,0.3114754098360656,0.2134306469765697,21,151,7,1000.0,0.0045475216007276,0.0104592996816734
Kit 4 Cuecas Boxer Mash Algodão Cotton Box Original Oferta,4.8,46.0,7.0,mash,algodão,Masculino,primavera-verão outono-inverno,+100,78.46,0.925925925925926,0.00495813133539,0.0327868852459016,0.1152416356877323,494,25,6,100.0,0.0109140518417462,0.176443838108231
Kit C/3 Un Camisas Blusas Masculinas Long Line Oversize Swag,4.6,1396.0,6.0,éved maromba malhar fitness machão,tshirt atual estilosa slim barata,Masculino,primavera/verão,+10mil,78.16,0.8518518518518517,0.1537020713970912,0.0163934426229508,0.1147300569557654,841,169,7,10000.0,0.0004547521600727,0.0004547521600727
Kit 10 Cuecas Boxer Lupo Microfibra Sem Costura Box Original,4.8,197.0,20.0,lupo,microfibra,Masculino,primavera-verão outono-inverno,+1000,321.32,0.925925925925926,0.0215954164830321,0.2459016393442623,0.5293816718392961,463,101,6,1000.0,0.0422919508867667,0.0300136425648021
Calça Moletom Masculina Flanelada Com Punho Malwee,4.6,155.0,11.0,malwee,algodão,Masculino,outono/inverno,+1000,119.79,0.8518518518518517,0.0169678272366681,0.0983606557377049,0.1857201323283653,479,25,3,1000.0,0.0031832651205093,0.176443838108231
Short Saia Jeans Plus Size Feminino Cintura Alta Com Lycra,4.9,77.0,11.0,stillger jeans,algodão,Feminino,primavera/verão,+100,72.88,0.9629629629629632,0.008373732921992,0.0983606557377049,0.1057262712731489,738,25,7,100.0,0.0154615734424738,0.176443838108231
Calça Masculina Aeroready Sereno Slim Legend Ink adidas,4.2,10.0,13.0,adidas,poliéster,Masculino,primavera/verão,+100,249.99,0.7037037037037038,0.000991626267078,0.1311475409836065,0.4077453020019781,13,122,7,100.0,0.0109140518417462,0.1173260572987721
Kit 2 Calças Masculina Jeans Pra Trabalho Corte Reto,4.6,34.0,10.0,multimarcas,100% algodão,Masculino,outono/inverno,+100,128.63,0.8518518518518517,0.003635962979286,0.0819672131147541,0.2007946522969885,543,0,3,100.0,0.0118235561618917,0.0009095043201455
Roupa Feminina Plus Size Blusa Calça Frio Peluciado Proteção,4.6,5.0,42.0,neve segunda pele térmica,poliéster/elastano,Feminino,outono/inverno,+25,132.56,0.8518518518518517,0.000440722785368,0.6065573770491803,0.2074963336857542,564,127,3,25.0,0.0031832651205093,0.001819008640291
Kit 3 Cuecas Masculinas Slip Cotton Calvin Klein,5.0,102.0,30.0,calvin klein underwear,algodão,Masculino,primavera/verão,+1000,229.9,1.0,0.011128250330542,0.4098360655737705,0.3734865795845981,161,25,7,1000.0,0.0004547521600727,0.176443838108231
"Kit Com 4 Short Para Usar Embaixo Da Roupa, Vestido, Saia",4.2,88.0,11.0,silvest lingerie,poliéster,Feminino,primavera/verão,+1000,57.93,0.7037037037037038,0.009585720581754,0.0983606557377049,0.0802325977968009,719,122,7,1000.0,0.0022737608003638,0.1173260572987721
Kit 10 Cuecas Lupo Boxer Masculinas Atacado Box 523 Algodão,4.2,621.0,5.0,lupo,algodão 95%,Masculino,2021,+1000,179.9,0.7037037037037038,0.0683120317320405,0.0,0.2882234575901231,463,27,0,1000.0,0.0422919508867667,0.003638017280582
Macacão Roupa De Apicultor Completa Proteção Contra Abelhas,4.3,178.0,24.0,celi,brim 100% algodão,Sem gênero,não definido,+1000,203.88,0.7407407407407406,0.0195019832525341,0.3114754098360656,0.3291156508986733,177,46,1,1000.0,0.0077307867212369,0.0090950432014552
Short Masculino Logo adidas,4.7,14.0,30.0,adidas,poliéster,Masculino,não definido,+100,119.99,0.888888888888889,0.001432349052446,0.4098360655737705,0.1860611848163432,13,122,1,100.0,0.0109140518417462,0.1173260572987721
Kit 10 Cuecas Lupo Boxer Masculinas Atacado Box 523 Algodão,4.2,621.0,5.0,lupo,algodão 95%,Masculino,2021,+1000,179.9,0.7037037037037038,0.0683120317320405,0.0,0.2882234575901231,463,27,0,1000.0,0.0422919508867667,0.003638017280582
Moletom Infantil Calça Masculina Juvenil Kit 3 Calca Moleton,3.3,24.0,41.0,colbacho,algodão,Sem gênero,outono/inverno,+100,99.93,0.3703703703703703,0.002534156015866,0.5901639344262296,0.1518536202721599,192,25,3,100.0,0.0054570259208731,0.176443838108231
Macacão Roupa De Apicultor Completa Proteção Contra Abelhas,4.3,178.0,24.0,celi,brim 100% algodão,Sem gênero,não definido,+1000,203.88,0.7407407407407406,0.0195019832525341,0.3114754098360656,0.3291156508986733,177,46,1,1000.0,0.0077307867212369,0.0090950432014552
Kit 10 Cuecas Boxer Mash Algodão Cotton Box Original Oferta,4.6,1701.0,22.0,mash,algodão,Masculino,primavera/verão,+10mil,229.39,0.8518518518518517,0.1873071837814015,0.2786885245901639,0.3726168957402544,494,25,7,10000.0,0.0109140518417462,0.176443838108231
"Bermuda Térmica Masculina Esportiva Corrida, Academia Treino",4.8,1005.0,24.0,keeper,microfibra,Masculino,primavera/verão,+10mil,48.52,0.925925925925926,0.1106214191273688,0.3114754098360656,0.0641860782374407,406,101,7,10000.0,0.0086402910413824,0.0300136425648021
Calça Feminina Sarja Mom - 274383 Verde Sawary,4.8,18.0,24.0,sawary jeans,algodão,Feminino,outono/inverno,+50,185.99,0.925925925925926,0.001873071837814,0.3114754098360656,0.2986085058490502,693,25,3,50.0,0.0027285129604365,0.176443838108231
Lote 10 Short Infantil Roupa Menina Atacado De Cotom Oferta,4.5,10.0,10.0,gente grande kids,malha,Meninas,primavera/verão,+50,199.99,0.8148148148148148,0.000991626267078,0.0819672131147541,0.3224821800075031,326,89,7,50.0,0.0004547521600727,0.0004547521600727
Conjunto Feminino Calça E Blusa Manga Longa Social Roupafrio,4.4,255.0,8.0,nana fashion,viscolycra,Feminino,outono/inverno,+1000,129.5,0.777777777777778,0.0279858968708682,0.0491803278688524,0.2022782306196923,559,173,3,1000.0,0.0004547521600727,0.0059117780809458
Calça Jeans Infantil Wideleg Destroyed Menina Blogueirinha,4.7,58.0,10.0,maluket,algodão calças preta,Meninas,primavera/verão,+100,119.55,0.888888888888889,0.006280299691494,0.0819672131147541,0.1853108693427918,478,28,7,100.0,0.0013642564802182,0.0004547521600727
Kit 10 Cuecas Boxer Selene Box Microfibra Masculina Atacado,4.8,278.0,25.0,selene,poliamida,Masculino,outono/inverno,+1000,239.89,0.925925925925926,0.0305200528867342,0.3278688524590164,0.3905221513590941,698,116,3,1000.0,0.0013642564802182,0.0195543428831286
Kit 10 Cuecas Boxer Lupo Cueca Box Algodão Masculina Atacado,4.5,3037.0,18.0,lupo,algodão,Masculino,outono/inverno,+10mil,232.89,0.8148148148148148,0.3345085940943147,0.2131147540983606,0.3785853142798676,463,25,3,10000.0,0.0422919508867667,0.176443838108231
Kit Com 10 Cuecas Boxer Algodão Sem Costura Zorba 781,4.7,5691.0,20.0,zorba,algodão,Masculino,não definido,+50mil,199.9,0.888888888888889,0.626928162185985,0.2459016393442623,0.3223287063879131,838,25,1,50000.0,0.0090950432014552,0.176443838108231
Calça Levis 505 Original 100% Algodão Revendedor Autorizado,4.5,25.0,5.0,levi's,algodão,Masculino,outono/inverno,+100,326.55,0.8148148148148148,0.002644336712208,0.0,0.5383001943999183,436,25,3,100.0,0.0090950432014552,0.176443838108231
Macacão Apicultor Roupa Proteção Abelha Com Máscara + Brinde,4.1,332.0,10.0,celi,algodão,Sem gênero,não definido,+1000,166.21,0.6666666666666666,0.0364698104892022,0.0819672131147541,0.2648784147880358,177,25,1,1000.0,0.0077307867212369,0.176443838108231
Short Jeans Plus Size Com Lycra Levanta Bumbum Cintura Alta,4.4,45.0,6.0,stillger jeans,jean,Feminino,primavera/verão,+100,64.09,0.777777777777778,0.004847950639048,0.0163934426229508,0.0907370144265202,738,74,7,100.0,0.0154615734424738,0.0254661209640745
Kit 3 Short Jeans Feminino Levanta Bumbum Modela Cintura,4.3,27.0,14.0,stillger jeans,algodão,Feminino,primavera/verão,+100,149.67,0.7407407407407406,0.002864698104892,0.1475409836065573,0.2366733740322635,738,25,7,100.0,0.0154615734424738,0.176443838108231
Calça Jeans Original Sawary Com Lycra Roupas Femininas Dins,4.5,87.0,11.0,sawary,jeans com lycra,Feminino,outono/inverno,+1000,169.21,0.8148148148148148,0.009475539885412,0.0983606557377049,0.2699942021077043,692,79,3,1000.0,0.0068212824010914,0.001819008640291
Kit 2 Cuecas Boxer Lupo Basic Microfibra Sem Costura Box,4.8,1430.0,30.0,lupo,microfibra,Masculino,primavera/verão,+10mil,69.99,0.925925925925926,0.1574482150727192,0.4098360655737705,0.1007980628218682,463,101,7,10000.0,0.0422919508867667,0.0300136425648021
Roupa Térmica Flanelada Kit 2 Calças + 2 Blusas Segunda Pele,4.3,160.0,10.0,sm,poliéster,Masculino,outono/inverno,+1000,199.73,0.7407407407407406,0.0175187307183781,0.0819672131147541,0.3220388117731318,723,122,3,1000.0,0.0013642564802182,0.1173260572987721
Kit 5short Feminino Leve Moletinho Academia Fitness Atacado,4.7,118.0,10.0,canario,algodão,Feminino,primavera/verão,+1000,159.99,0.888888888888889,0.0128911414720141,0.0819672131147541,0.2542716824119232,170,25,7,1000.0,0.0100045475216007,0.176443838108231
Roupa Infantil Bailarina Profissional Balé Paetês Saia Média,4.6,40.0,7.0,bailarina profissional,poliéster,Meninas,não definido,+100,199.99,0.8518518518518517,0.004297047157338,0.0327868852459016,0.3224821800075031,90,122,1,100.0,0.0004547521600727,0.1173260572987721
Roupa Bebe Infantil Kit 10 Cuecas Boxer Menino Masculino,4.3,19.0,21.0,spk,algodão,Meninos,não definido,+100,98.05,0.7407407407407406,0.001983252534156,0.2622950819672131,0.1486477268851676,728,25,1,100.0,0.0004547521600727,0.176443838108231
Pijama De Frio Feminino Longo Tecido Super Confortável,4.7,228.0,30.0,time fitness roupa de dormir,poliéster,Feminino,outono/inverno,+1000,78.23,0.888888888888889,0.0250110180696342,0.4098360655737705,0.1148494253265577,765,122,3,1000.0,0.0004547521600727,0.1173260572987721
Kit 3 Bermuda Moletom Academia Ginastica Leve Estampado Top,4.3,20.0,10.0,canario,poliéster,Masculino,não definido,+100,119.91,0.7407407407407406,0.002093433230498,0.0819672131147541,0.185924763821152,170,122,1,100.0,0.0100045475216007,0.1173260572987721
Roupa Infantil Calça Jeans Branco Confortável Menino Juvenil,4.6,9.0,10.0,fashion kids,algodão,Meninos,outono/inverno,+50,78.01,0.8518518518518517,0.000881445570736,0.0819672131147541,0.114474267589782,293,25,3,50.0,0.0004547521600727,0.176443838108231
Kit 3 Short Jeans Feminino Cintura Alta Barato Atacado,4.4,508.0,9.0,menina linda,jean,Feminino,primavera/verão,+1000,129.2,0.777777777777778,0.0558616130453944,0.0655737704918032,0.2017666518877255,509,74,7,1000.0,0.0100045475216007,0.0254661209640745
Kit 3 Calça Jeans Feminina Levanta Bumbum Cintura Alta,4.3,313.0,5.0,stillger,algodão,Feminino,outono/inverno,+1000,174.24,0.7407407407407406,0.0343763772587042,0.0,0.2785716721803485,736,25,3,1000.0,0.0327421555252387,0.176443838108231
Kit 2 Cuecas Box Boxer Zorba Algodão Sem Costura 781 Full,4.8,292.0,10.0,zorba,algodão,Masculino,não definido,+1000,43.38,0.925925925925926,0.0320625826355222,0.0819672131147541,0.0554210292964087,838,25,1,1000.0,0.0090950432014552,0.176443838108231
Roupa Feminina Short Plus Size Jeans 44 Ao 58 E Cintura Alta,3.8,8.0,11.0,usemia,jeans,Feminino,primavera/verão,+100,77.53,0.5555555555555555,0.000771264874394,0.0983606557377049,0.1136557416186351,793,75,7,100.0,0.0004547521600727,0.0300136425648021
Moletom Calça Juvenil Menino Kit 3 Peça Flanelada 10-12-14,3.7,168.0,5.0,colbacho,algodão,Sem gênero infantil,outono/inverno,+1000,69.21,0.5185185185185187,0.0184001762891141,0.0,0.0994679581187544,192,25,3,1000.0,0.0054570259208731,0.176443838108231
Calça Jeans Wide Leg Feminino Índigo Sawary,4.6,16.0,37.0,sawary jeans,algodão,Feminino,outono/inverno,+50,223.99,0.8518518518518517,0.00165271044513,0.5245901639344263,0.3634084785648511,693,25,3,50.0,0.0027285129604365,0.176443838108231
Kit 2 Calças Jeans Masculina Com Lycra.,4.6,2147.0,5.0,almix,jean,Masculino,primavera/verão,+10mil,134.3,0.8518518518518517,0.2364477743499339,0.0,0.210463490331162,26,74,7,10000.0,0.0054570259208731,0.0254661209640745
Kit 3 Calças Jogger Masculina Jeans Com Punho Elastico,4.3,779.0,9.0,gbgsports,sarja,Masculino,outono/inverno,+1000,182.34,0.7407407407407406,0.0857205817540767,0.0655737704918032,0.2923842979434535,324,138,3,1000.0,0.0059117780809458,0.0154615734424738
Short Masculino Malha Colorblock Aeroready adidas Novo,4.5,8.0,30.0,adidas,poliéster,Masculino,outono/inverno,+50,179.99,0.8148148148148148,0.000771264874394,0.4098360655737705,0.2883769312097132,13,122,3,50.0,0.0109140518417462,0.1173260572987721
Kit 4 Cuecas Boxer Lupo Em Algodão Masculina Cotton Original,4.6,2387.0,22.0,lupo,algodão,Masculino,primavera/verão,+10mil,89.9,0.8518518518518517,0.2628911414720141,0.2786885245901639,0.1347498380000682,463,25,7,10000.0,0.0422919508867667,0.176443838108231
Calça Jeans Infantil Juvenil Masculina C/ Elastano Mzocokids,4.7,11.0,12.0,mzoco kids,jeans poliéster algodão elastano,Meninos,outono/inverno,+100,64.47,0.888888888888889,0.00110180696342,0.1147540983606557,0.0913850141536782,555,83,3,100.0,0.0004547521600727,0.0004547521600727
Calça Linho Mom Feminina Bege Sawary,4.8,26.0,16.0,sawary jeans,algodão,Feminino,outono/inverno,+50,192.99,0.925925925925926,0.00275451740855,0.180327868852459,0.3105453429282767,693,25,3,50.0,0.0027285129604365,0.176443838108231
Bermuda Infantil Jeans Masculino Roupa Short Menino,4.5,19.0,11.0,nacional,jeans,Meninos,primavera/verão,+100,42.26,0.8148148148148148,0.001983252534156,0.0983606557377049,0.0535111353637324,557,75,7,100.0,0.003638017280582,0.0300136425648021
Kit 3 Cuecas Low Rise Trunk Calvin Klein,4.6,32.0,26.0,calvin klein,algodão,Masculino,outono/inverno,+100,239.9,0.8518518518518517,0.003415601586602,0.3442622950819672,0.390539203983493,160,25,3,100.0,0.0004547521600727,0.176443838108231
Kit 4 Bermudas Plusais Estampada Caminhada Ultimas Unidades,2.3,4.0,11.0,feminina academia atacado,poliéster,Feminino,primavera/verão,+25,105.93,0.0,0.000330542089026,0.0983606557377049,0.1620851949114969,295,122,7,25.0,0.0004547521600727,0.1173260572987721
